País;Edición;Medallas de Oro
Estados Unidos;Atenas 1896;11
Grecia;Atenas 1896;10
Alemania;Atenas 1896;6
Francia;Atenas 1896;5
Reino Unido;Atenas 1896;2
Hungría;Atenas 1896;2
Austria;Atenas 1896;2
Australia;Atenas 1896;2
Dinamarca;Atenas 1896;1
Suiza;Atenas 1896;1
Mixed NOCs;Atenas 1896;1
Francia;Paris 1900;26
Estados Unidos;Paris 1900;19
Reino Unido;Paris 1900;15
Mixed NOCs;Paris 1900;6
Suiza;Paris 1900;6
Bélgica;Paris 1900;5
Alemania;Paris 1900;4
Italia;Paris 1900;2
Australia;Paris 1900;2
Dinamarca;Paris 1900;1
Hungría;Paris 1900;1
Cuba;Paris 1900;1
Canadá;Paris 1900;1
Espańa;Paris 1900;1
Estados Unidos;San Luis 1904;73
Alemania;San Luis 1904;4
Canadá;San Luis 1904;4
Cuba;San Luis 1904;3
Hungría;San Luis 1904;2
Reino Unido;San Luis 1904;1
Mixed NOCs;San Luis 1904;1
Grecia;San Luis 1904;1
Suiza;San Luis 1904;1
Reino Unido;Londres 1908;56
Estados Unidos;Londres 1908;23
Suecia;Londres 1908;8
Francia;Londres 1908;5
Alemania;Londres 1908;3
Hungría;Londres 1908;3
Canadá;Londres 1908;3
Noruega;Londres 1908;2
Italia;Londres 1908;2
Bélgica;Londres 1908;1
Australasia;Londres 1908;1
Rusia;Londres 1908;1
Finlandia;Londres 1908;1
Sudáfrica;Londres 1908;1
Estados Unidos;Estocolmo 1912;25
Suecia;Estocolmo 1912;24
Reino Unido;Estocolmo 1912;10
Finlandia;Estocolmo 1912;9
Francia;Estocolmo 1912;7
Alemania;Estocolmo 1912;5
Sudáfrica;Estocolmo 1912;4
Noruega;Estocolmo 1912;4
Canadá;Estocolmo 1912;3
Hungría;Estocolmo 1912;3
Italia;Estocolmo 1912;3
Australasia;Estocolmo 1912;2
Bélgica;Estocolmo 1912;2
Dinamarca;Estocolmo 1912;1
Grecia;Estocolmo 1912;1
Estados Unidos;Amberes 1920;48
Suecia;Amberes 1920;19
Reino Unido;Amberes 1920;15
Finlandia;Amberes 1920;15
Bélgica;Amberes 1920;14
Noruega;Amberes 1920;13
Italia;Amberes 1920;13
Francia;Amberes 1920;9
Países Bajos;Amberes 1920;4
Dinamarca;Amberes 1920;3
Sudáfrica;Amberes 1920;3
Canadá;Amberes 1920;3
Suiza;Amberes 1920;2
Estonia;Amberes 1920;1
Brasil;Amberes 1920;1
Estados Unidos;París 1924;45
Finlandia;París 1924;14
Francia;París 1924;13
Reino Unido;París 1924;9
Italia;París 1924;8
Suiza;París 1924;7
Noruega;París 1924;5
Suecia;París 1924;4
Países Bajos;París 1924;4
Bélgica;París 1924;3
Australia;París 1924;3
Dinamarca;París 1924;2
Hungría;París 1924;2
Yugoslavia;París 1924;2
Checoslovaquia;París 1924;1
Argentina;París 1924;1
Estonia;París 1924;1
Sudáfrica;París 1924;1
Uruguay;París 1924;1
Estados Unidos;Ámsterdam 1928;22
Alemania;Ámsterdam 1928;10
Finlandia;Ámsterdam 1928;8
Suecia;Ámsterdam 1928;7
Italia;Ámsterdam 1928;7
Suiza;Ámsterdam 1928;7
Francia;Ámsterdam 1928;6
Países Bajos;Ámsterdam 1928;6
Hungría;Ámsterdam 1928;4
Canadá;Ámsterdam 1928;4
Reino Unido;Ámsterdam 1928;3
Argentina;Ámsterdam 1928;3
Dinamarca;Ámsterdam 1928;3
Checoslovaquia;Ámsterdam 1928;2
Japón;Ámsterdam 1928;2
Estonia;Ámsterdam 1928;2
Egipto;Ámsterdam 1928;2
Austria;Ámsterdam 1928;2
Australia;Ámsterdam 1928;1
Noruega;Ámsterdam 1928;1
Polonia;Ámsterdam 1928;1
Yugoslavia;Ámsterdam 1928;1
Sudáfrica;Ámsterdam 1928;1
Espańa;Ámsterdam 1928;1
India;Ámsterdam 1928;1
Nueva Zelanda;Ámsterdam 1928;1
Irlanda;Ámsterdam 1928;1
Uruguay;Ámsterdam 1928;1
Estados Unidos;Los Ángeles 1932;41
Italia;Los Ángeles 1932;12
Francia;Los Ángeles 1932;10
Suecia;Los Ángeles 1932;9
Japón;Los Ángeles 1932;7
Hungría;Los Ángeles 1932;6
Finlandia;Los Ángeles 1932;5
Reino Unido;Los Ángeles 1932;4
Alemania;Los Ángeles 1932;3
Australia;Los Ángeles 1932;3
Argentina;Los Ángeles 1932;3
Canadá;Los Ángeles 1932;2
Países Bajos;Los Ángeles 1932;2
Polonia;Los Ángeles 1932;2
Sudáfrica;Los Ángeles 1932;2
Irlanda;Los Ángeles 1932;2
Checoslovaquia;Los Ángeles 1932;1
Austria;Los Ángeles 1932;1
India;Los Ángeles 1932;1
Alemania;Berlín 1936;33
Estados Unidos;Berlín 1936;24
Hungría;Berlín 1936;10
Italia;Berlín 1936;8
Finlandia;Berlín 1936;7
Francia;Berlín 1936;7
Suecia;Berlín 1936;6
Japón;Berlín 1936;6
Países Bajos;Berlín 1936;6
Reino Unido;Berlín 1936;4
Austria;Berlín 1936;4
Checoslovaquia;Berlín 1936;3
Argentina;Berlín 1936;2
Estonia;Berlín 1936;2
Egipto;Berlín 1936;2
Suiza;Berlín 1936;1
Canadá;Berlín 1936;1
Noruega;Berlín 1936;1
Turquía;Berlín 1936;1
India;Berlín 1936;1
Nueva Zelanda;Berlín 1936;1
Estados Unidos;Londres 1948;38
Suecia;Londres 1948;16
Francia;Londres 1948;10
Hungría;Londres 1948;10
Italia;Londres 1948;8
Finlandia;Londres 1948;8
Turquía;Londres 1948;6
Checoslovaquia;Londres 1948;6
Suiza;Londres 1948;5
Dinamarca;Londres 1948;5
Países Bajos;Londres 1948;5
Reino Unido;Londres 1948;3
Argentina;Londres 1948;3
Australia;Londres 1948;2
Egipto;Londres 1948;2
Bélgica;Londres 1948;2
México;Londres 1948;2
Sudáfrica;Londres 1948;2
Noruega;Londres 1948;1
Jamaica;Londres 1948;1
Austria;Londres 1948;1
India;Londres 1948;1
Perú;Londres 1948;1
Estados Unidos;Helsinki 1952;40
Unión Soviética;Helsinki 1952;22
Hungría;Helsinki 1952;16
Suecia;Helsinki 1952;12
Italia;Helsinki 1952;8
Checoslovaquia;Helsinki 1952;7
Francia;Helsinki 1952;6
Finlandia;Helsinki 1952;6
Australia;Helsinki 1952;6
Noruega;Helsinki 1952;3
Suiza;Helsinki 1952;2
Sudáfrica;Helsinki 1952;2
Jamaica;Helsinki 1952;2
Bélgica;Helsinki 1952;2
Dinamarca;Helsinki 1952;2
Turquía;Helsinki 1952;2
Japón;Helsinki 1952;1
Reino Unido;Helsinki 1952;1
Argentina;Helsinki 1952;1
Polonia;Helsinki 1952;1
Canadá;Helsinki 1952;1
Yugoslavia;Helsinki 1952;1
Rumania;Helsinki 1952;1
Brasil;Helsinki 1952;1
Nueva Zelanda;Helsinki 1952;1
India;Helsinki 1952;1
Luxemburgo;Helsinki 1952;1
Unión Soviética;Melbourne 1956;37
Estados Unidos;Melbourne 1956;32
Australia;Melbourne 1956;13
Hungría;Melbourne 1956;9
Italia;Melbourne 1956;8
Suecia;Melbourne 1956;8
Equipo Alemán Unificado;Melbourne 1956;6
Reino Unido;Melbourne 1956;6
Rumania;Melbourne 1956;5
Japón;Melbourne 1956;4
Francia;Melbourne 1956;4
Turquía;Melbourne 1956;3
Finlandia;Melbourne 1956;3
Irán;Melbourne 1956;2
Canadá;Melbourne 1956;2
Nueva Zelanda;Melbourne 1956;2
Polonia;Melbourne 1956;1
Checoslovaquia;Melbourne 1956;1
Bulgaria;Melbourne 1956;1
Dinamarca;Melbourne 1956;1
Irlanda;Melbourne 1956;1
Noruega;Melbourne 1956;1
México;Melbourne 1956;1
Brasil;Melbourne 1956;1
India;Melbourne 1956;1
Unión Soviética;Roma 1960;43
Estados Unidos;Roma 1960;34
Italia;Roma 1960;13
Equipo Alemán Unificado;Roma 1960;12
Australia;Roma 1960;8
Turquía;Roma 1960;7
Hungría;Roma 1960;6
Japón;Roma 1960;4
Polonia;Roma 1960;4
Checoslovaquia;Roma 1960;3
Rumanía;Roma 1960;3
Reino Unido;Roma 1960;2
Dinamarca;Roma 1960;2
Nueva Zelanda;Roma 1960;2
Bulgaria;Roma 1960;1
Suecia;Roma 1960;1
Finlandia;Roma 1960;1
Austria;Roma 1960;1
Yugoslavia;Roma 1960;1
Pakistán;Roma 1960;1
Etiopía;Roma 1960;1
Grecia;Roma 1960;1
Noruega;Roma 1960;1
Estados Unidos;Tokio 1964;36
Unión Soviética;Tokio 1964;30
Japón;Tokio 1964;16
Equipo Alemán Unificado;Tokio 1964;10
Italia;Tokio 1964;10
Hungría;Tokio 1964;10
Polonia;Tokio 1964;7
Australia;Tokio 1964;6
Checoslovaquia;Tokio 1964;5
Reino Unido;Tokio 1964;4
Bulgaria;Tokio 1964;3
Finlandia;Tokio 1964;3
Nueva Zelanda;Tokio 1964;3
Rumanía;Tokio 1964;2
Países Bajos;Tokio 1964;2
Turquía;Tokio 1964;2
Suecia;Tokio 1964;2
Dinamarca;Tokio 1964;2
Yugoslavia;Tokio 1964;2
Bélgica;Tokio 1964;2
Austria;Tokio 1964;1
Canadá;Tokio 1964;1
Bahamas;Tokio 1964;1
Etiopía;Tokio 1964;1
India;Tokio 1964;1
Corea del Sur;Tokio 1964;0
Estados Unidos;México 1968;45
Unión Soviética;México 1968;29
Japón;México 1968;11
Hungría;México 1968;10
Alemania Oriental;México 1968;9
Francia;México 1968;7
Checoslovaquia;México 1968;7
Alemania Occidental;México 1968;5
Australia;México 1968;5
Reino Unido;México 1968;5
Polonia;México 1968;5
Rumania;México 1968;4
Italia;México 1968;3
Kenia;México 1968;3
México;México 1968;3
Yugoslavia;México 1968;3
Países Bajos;México 1968;3
Bulgaria;México 1968;2
Irán;México 1968;2
Suecia;México 1968;2
Turquía;México 1968;2
Dinamarca;México 1968;1
Noruega;México 1968;1
Etiopía;México 1968;1
Túnez;México 1968;1
Pakistán;México 1968;1
Venezuela;México 1968;1
Unión Soviética;Múnich 1972;50
Estados Unidos;Múnich 1972;33
Alemania Oriental;Múnich 1972;20
Alemania Occidental;Múnich 1972;13
Japón;Múnich 1972;13
Australia;Múnich 1972;8
Polonia;Múnich 1972;7
Hungría;Múnich 1972;6
Bulgaria;Múnich 1972;6
Italia;Múnich 1972;5
Suecia;Múnich 1972;4
Reino Unido;Múnich 1972;4
Rumania;Múnich 1972;3
Cuba;Múnich 1972;3
Finlandia;Múnich 1972;3
Países Bajos;Múnich 1972;3
Francia;Múnich 1972;2
Checoslovaquia;Múnich 1972;2
Kenia;Múnich 1972;2
Yugoslavia;Múnich 1972;2
Noruega;Múnich 1972;2
Corea del Norte;Múnich 1972;1
Nueva Zelanda;Múnich 1972;1
Uganda;Múnich 1972;1
Dinamarca;Múnich 1972;1
Unión Soviética;Montreal 1976;49
Alemania Oriental;Montreal 1976;40
Estados Unidos;Montreal 1976;34
Alemania Occidental;Montreal 1976;10
Japón;Montreal 1976;9
Polonia;Montreal 1976;7
Bulgaria;Montreal 1976;6
Cuba;Montreal 1976;6
Rumania;Montreal 1976;4
Hungría;Montreal 1976;4
Finlandia;Montreal 1976;4
Suecia;Montreal 1976;4
Reino Unido;Montreal 1976;3
Italia;Montreal 1976;2
Francia;Montreal 1976;2
Yugoslavia;Montreal 1976;2
Checoslovaquia;Montreal 1976;2
Nueva Zelanda;Montreal 1976;2
Corea del Sur;Montreal 1976;1
Suiza;Montreal 1976;1
Jamaica;Montreal 1976;1
Corea del Norte;Montreal 1976;1
Dinamarca;Montreal 1976;1
México;Montreal 1976;1
Trinidad y Tobago;Montreal 1976;1
Unión Soviética;Moscú 1980;80
Alemania Oriental;Moscú 1980;47
Bulgaria;Moscú 1980;8
Cuba;Moscú 1980;8
Italia;Moscú 1980;8
Hungría;Moscú 1980;7
Francia;Moscú 1980;6
Rumania;Moscú 1980;6
Reino Unido;Moscú 1980;5
Polonia;Moscú 1980;3
Suecia;Moscú 1980;3
Finlandia;Moscú 1980;3
Checoslovaquia;Moscú 1980;2
Yugoslavia;Moscú 1980;2
Australia;Moscú 1980;2
Dinamarca;Moscú 1980;2
Brasil;Moscú 1980;2
Etiopía;Moscú 1980;2
Suiza;Moscú 1980;2
Espańa;Moscú 1980;1
Austria;Moscú 1980;1
Bélgica;Moscú 1980;1
Grecia;Moscú 1980;1
India;Moscú 1980;1
Zimbabue;Moscú 1980;1
Estados Unidos;Los Ángeles 1984;83
Rumania;Los Ángeles 1984;20
Alemania Occidental;Los Ángeles 1984;17
China;Los Ángeles 1984;15
Italia;Los Ángeles 1984;14
Japón;Los Ángeles 1984;11
Canadá;Los Ángeles 1984;10
Nueva Zelanda;Los Ángeles 1984;8
Yugoslavia;Los Ángeles 1984;7
Corea del Sur;Los Ángeles 1984;6
Reino Unido;Los Ángeles 1984;5
Francia;Los Ángeles 1984;5
Países Bajos;Los Ángeles 1984;5
Australia;Los Ángeles 1984;4
Finlandia;Los Ángeles 1984;4
Suecia;Los Ángeles 1984;2
México;Los Ángeles 1984;2
Marruecos;Los Ángeles 1984;2
Bélgica;Los Ángeles 1984;1
Brasil;Los Ángeles 1984;1
Espańa;Los Ángeles 1984;1
Portugal;Los Ángeles 1984;1
Kenia;Los Ángeles 1984;1
Pakistán;Los Ángeles 1984;1
Austria;Los Ángeles 1984;1
Unión Soviética;Seúl 1988;55
Alemania Oriental;Seúl 1988;37
Estados Unidos;Seúl 1988;36
Corea del Sur;Seúl 1988;12
Alemania Occidental;Seúl 1988;11
Hungría;Seúl 1988;11
Bulgaria;Seúl 1988;10
Rumania;Seúl 1988;7
Francia;Seúl 1988;6
Italia;Seúl 1988;6
China;Seúl 1988;5
Reino Unido;Seúl 1988;5
Kenia;Seúl 1988;5
Japón;Seúl 1988;4
Australia;Seúl 1988;3
Yugoslavia;Seúl 1988;3
Checoslovaquia;Seúl 1988;3
Nueva Zelanda;Seúl 1988;3
Canadá;Seúl 1988;3
Polonia;Seúl 1988;2
Noruega;Seúl 1988;2
Países Bajos;Seúl 1988;2
Dinamarca;Seúl 1988;2
Espańa;Seúl 1988;1
Finlandia;Seúl 1988;1
Marruecos;Seúl 1988;1
Turquía;Seúl 1988;1
Brasil;Seúl 1988;1
Portugal;Seúl 1988;1
Surinam;Seúl 1988;1
Austria;Seúl 1988;1
Equipo Unificado;Barcelona 1992;45
Estados Unidos;Barcelona 1992;37
Alemania;Barcelona 1992;33
China;Barcelona 1992;16
Cuba;Barcelona 1992;14
Espańa;Barcelona 1992;13
Corea del Sur;Barcelona 1992;12
Hungría;Barcelona 1992;11
Francia;Barcelona 1992;8
Australia;Barcelona 1992;7
Canadá;Barcelona 1992;7
Italia;Barcelona 1992;6
Reino Unido;Barcelona 1992;5
Rumania;Barcelona 1992;4
Checoslovaquia;Barcelona 1992;4
Corea del Norte;Barcelona 1992;4
Japón;Barcelona 1992;3
Polonia;Barcelona 1992;3
Bulgaria;Barcelona 1992;3
Países Bajos;Barcelona 1992;2
Brasil;Barcelona 1992;2
Noruega;Barcelona 1992;2
Kenia;Barcelona 1992;2
Turquía;Barcelona 1992;2
Indonesia;Barcelona 1992;2
Grecia;Barcelona 1992;2
Finlandia;Barcelona 1992;1
Suecia;Barcelona 1992;1
Nueva Zelanda;Barcelona 1992;1
Dinamarca;Barcelona 1992;1
Irlanda;Barcelona 1992;1
Argelia;Barcelona 1992;1
Estonia;Barcelona 1992;1
Lituania;Barcelona 1992;1
Marruecos;Barcelona 1992;1
Etiopía;Barcelona 1992;1
Venezuela;Barcelona 1992;1
Suiza;Barcelona 1992;1
Estados Unidos;Atlanta 1996;44
Rusia;Atlanta 1996;26
Alemania;Atlanta 1996;20
China;Atlanta 1996;16
Francia;Atlanta 1996;15
Italia;Atlanta 1996;13
Australia;Atlanta 1996;9
Cuba;Atlanta 1996;9
Ucrania;Atlanta 1996;9
Corea del Sur;Atlanta 1996;7
Hungría;Atlanta 1996;7
Polonia;Atlanta 1996;7
Espańa;Atlanta 1996;5
Grecia;Atlanta 1996;4
Países Bajos;Atlanta 1996;4
República Checa;Atlanta 1996;4
Rumania;Atlanta 1996;4
Dinamarca;Atlanta 1996;4
Turquía;Atlanta 1996;4
Suiza;Atlanta 1996;4
Kazajistán;Atlanta 1996;3
Sudáfrica;Atlanta 1996;3
Brasil;Atlanta 1996;3
Canadá;Atlanta 1996;3
Japón;Atlanta 1996;3
Bulgaria;Atlanta 1996;3
Nueva Zelanda;Atlanta 1996;3
Irlanda;Atlanta 1996;3
Jamaica;Atlanta 1996;2
Noruega;Atlanta 1996;2
Corea del Norte;Atlanta 1996;2
Argelia;Atlanta 1996;2
Etiopía;Atlanta 1996;2
Nigeria;Atlanta 1996;2
Suecia;Atlanta 1996;2
Tailandia;Atlanta 1996;1
Croacia;Atlanta 1996;1
Reino Unido;Atlanta 1996;1
Bielorrusia;Atlanta 1996;1
Portugal;Atlanta 1996;1
Finlandia;Atlanta 1996;1
Kenia;Atlanta 1996;1
Jamaica;Atlanta 1996;1
Indonesia;Atlanta 1996;1
Yugoslavia;Atlanta 1996;1
Irán;Atlanta 1996;1
Eslovaquia;Atlanta 1996;1
Armenia;Atlanta 1996;1
Burundi;Atlanta 1996;1
Costa Rica;Atlanta 1996;1
Ecuador;Atlanta 1996;1
Hong Kong;Atlanta 1996;1
Estados Unidos;Sydney 2000;37
Rusia;Sydney 2000;32
China;Sydney 2000;28
Australia;Sydney 2000;16
Alemania;Sydney 2000;13
Francia;Sydney 2000;13
Italia;Sydney 2000;13
Países Bajos;Sydney 2000;12
Cuba;Sydney 2000;11
Reino Unido;Sydney 2000;11
Rumania;Sydney 2000;11
Corea del Sur;Sydney 2000;8
Hungría;Sydney 2000;8
Polonia;Sydney 2000;6
Japón;Sydney 2000;5
Bulgaria;Sydney 2000;5
Grecia;Sydney 2000;4
Suecia;Sydney 2000;4
Noruega;Sydney 2000;4
Etiopía;Sydney 2000;4
Ucrania;Sydney 2000;3
Kazajistán;Sydney 2000;3
Espańa;Sydney 2000;3
Canadá;Sydney 2000;3
Turquía;Sydney 2000;3
Irán;Sydney 2000;3
Bielorrusia;Sydney 2000;3
República Checa;Sydney 2000;2
Kenia;Sydney 2000;2
Dinamarca;Sydney 2000;2
Finlandia;Sydney 2000;2
Austria;Sydney 2000;2
Lituania;Sydney 2000;2
Azerbaiyán;Sydney 2000;2
Eslovenia;Sydney 2000;2
Suiza;Sydney 2000;1
Indonesia;Sydney 2000;1
Eslovaquia;Sydney 2000;1
México;Sydney 2000;1
Argelia;Sydney 2000;1
Uzbekistán;Sydney 2000;1
Letonia;Sydney 2000;1
Yugoslavia;Sydney 2000;1
Baréin;Sydney 2000;1
Nueva Zelanda;Sydney 2000;1
Estonia;Sydney 2000;1
Tailandia;Sydney 2000;1
Croacia;Sydney 2000;1
Camerún;Sydney 2000;1
Colombia;Sydney 2000;1
Mozambique;Sydney 2000;1
Estados Unidos;Atenas 2004;36
China;Atenas 2004;32
Rusia;Atenas 2004;28
Australia;Atenas 2004;17
Japón;Atenas 2004;16
Alemania;Atenas 2004;13
Francia;Atenas 2004;11
Italia;Atenas 2004;10
Corea del Sur;Atenas 2004;9
Reino Unido;Atenas 2004;9
Cuba;Atenas 2004;9
Ucrania;Atenas 2004;8
Hungría;Atenas 2004;8
Rumania;Atenas 2004;8
Grecia;Atenas 2004;6
Brasil;Atenas 2004;5
Noruega;Atenas 2004;5
Países Bajos;Atenas 2004;4
Suecia;Atenas 2004;4
Espańa;Atenas 2004;3
Canadá;Atenas 2004;3
Turquía;Atenas 2004;3
Polonia;Atenas 2004;3
Nueva Zelanda;Atenas 2004;3
Tailandia;Atenas 2004;3
Bielorrusia;Atenas 2004;2
Austria;Atenas 2004;2
Etiopía;Atenas 2004;2
Dinamarca;Atenas 2004;2
Irán;Atenas 2004;2
Eslovaquia;Atenas 2004;2
China Taipéi;Atenas 2004;2
Georgia;Atenas 2004;2
Bulgaria;Atenas 2004;2
Jamaica;Atenas 2004;2
Uzbekistán;Atenas 2004;2
Marruecos;Atenas 2004;2
Argentina;Atenas 2004;2
Chile;Atenas 2004;2
Kazajistán;Atenas 2004;1
Kenia;Atenas 2004;1
República Checa;Atenas 2004;1
Sudáfrica;Atenas 2004;1
Croacia;Atenas 2004;1
Lituania;Atenas 2004;1
Egipto;Atenas 2004;1
Suiza;Atenas 2004;1
Indonesia;Atenas 2004;1
Zimbabue;Atenas 2004;1
Azerbaiyán;Atenas 2004;1
Bélgica;Atenas 2004;1
Baréin;Atenas 2004;1
Israel;Atenas 2004;1
Camerún;Atenas 2004;1
República Dominicana;Atenas 2004;1
China;Pekín 2008;48
Estados Unidos;Pekín 2008;36
Rusia;Pekín 2008;24
Reino Unido;Pekín 2008;19
Alemania;Pekín 2008;16
Australia;Pekín 2008;14
Corea del Sur;Pekín 2008;13
Japón;Pekín 2008;9
Italia;Pekín 2008;8
Francia;Pekín 2008;7
Ucrania;Pekín 2008;7
Países Bajos;Pekín 2008;7
Kenia;Pekín 2008;6
Espańa;Pekín 2008;5
Jamaica;Pekín 2008;5
Polonia;Pekín 2008;4
Etiopía;Pekín 2008;4
Rumania;Pekín 2008;4
Cuba;Pekín 2008;3
Canadá;Pekín 2008;3
Hungría;Pekín 2008;3
Noruega;Pekín 2008;3
Brasil;Pekín 2008;3
Bielorrusia;Pekín 2008;3
República Checa;Pekín 2008;3
Eslovaquia;Pekín 2008;3
Nueva Zelanda;Pekín 2008;3
Georgia;Pekín 2008;3
Kazajistán;Pekín 2008;2
Dinamarca;Pekín 2008;2
Corea del Norte;Pekín 2008;2
Tailandia;Pekín 2008;2
Mongolia;Pekín 2008;2
Suiza;Pekín 2008;2
Argentina;Pekín 2008;2
México;Pekín 2008;2
Bélgica;Pekín 2008;2
Zimbabue;Pekín 2008;1
Eslovenia;Pekín 2008;1
Azerbaiyán;Pekín 2008;1
Indonesia;Pekín 2008;1
Bulgaria;Pekín 2008;1
Turquía;Pekín 2008;1
Finlandia;Pekín 2008;1
China Taipéi;Pekín 2008;1
Letonia;Pekín 2008;1
República Dominicana;Pekín 2008;1
Estonia;Pekín 2008;1
Portugal;Pekín 2008;1
India;Pekín 2008;1
Irán;Pekín 2008;1
Camerún;Pekín 2008;1
Panamá;Pekín 2008;1
Túnez;Pekín 2008;1
Estados Unidos;Londres 2012;46
China;Londres 2012;38
Reino Unido;Londres 2012;29
Rusia;Londres 2012;24
Corea del Sur;Londres 2012;13
Alemania;Londres 2012;11
Francia;Londres 2012;11
Italia;Londres 2012;8
Hungría;Londres 2012;8
Australia;Londres 2012;7
Japón;Londres 2012;7
Kazajistán;Londres 2012;7
Países Bajos;Londres 2012;6
Ucrania;Londres 2012;6
Nueva Zelanda;Londres 2012;6
Cuba;Londres 2012;5
Espańa;Londres 2012;4
Irán;Londres 2012;4
Jamaica;Londres 2012;4
República Checa;Londres 2012;4
Corea del Norte;Londres 2012;4
Brasil;Londres 2012;3
Sudáfrica;Londres 2012;3
Etiopía;Londres 2012;3
Croacia;Londres 2012;3
Bielorrusia;Londres 2012;2
Rumania;Londres 2012;2
Kenia;Londres 2012;2
Dinamarca;Londres 2012;2
Azerbaiyán;Londres 2012;2
Polonia;Londres 2012;2
Turquía;Londres 2012;2
Suiza;Londres 2012;2
Noruega;Londres 2012;2
Lituania;Londres 2012;2
Canadá;Londres 2012;1
Suecia;Londres 2012;1
Colombia;Londres 2012;1
México;Londres 2012;1
Georgia;Londres 2012;1
Irlanda;Londres 2012;1
Argentina;Londres 2012;1
Eslovenia;Londres 2012;1
Serbia;Londres 2012;1
Túnez;Londres 2012;1
República Dominicana;Londres 2012;1
Trinidad y Tobago;Londres 2012;1
Uzbekistán;Londres 2012;1
Letonia;Londres 2012;1
Argelia;Londres 2012;1
Bahamas;Londres 2012;1
Granada;Londres 2012;1
Uganda;Londres 2012;1
Venezuela;Londres 2012;1
Estados Unidos;Rio de Janeiro 2016;46
Reino Unido;Rio de Janeiro 2016;27
China;Rio de Janeiro 2016;26
Rusia;Rio de Janeiro 2016;19
Alemania;Rio de Janeiro 2016;17
Japón;Rio de Janeiro 2016;12
Francia;Rio de Janeiro 2016;10
Corea del Sur;Rio de Janeiro 2016;9
Italia;Rio de Janeiro 2016;8
Australia;Rio de Janeiro 2016;8
Países Bajos;Rio de Janeiro 2016;8
Hungría;Rio de Janeiro 2016;8
Brasil;Rio de Janeiro 2016;7
Espańa;Rio de Janeiro 2016;7
Kenia;Rio de Janeiro 2016;6
Jamaica;Rio de Janeiro 2016;6
Croacia;Rio de Janeiro 2016;5
Cuba;Rio de Janeiro 2016;5
Nueva Zelanda;Rio de Janeiro 2016;4
Canadá;Rio de Janeiro 2016;4
Uzbekistán;Rio de Janeiro 2016;4
Kazajistán;Rio de Janeiro 2016;3
Colombia;Rio de Janeiro 2016;3
Suiza;Rio de Janeiro 2016;3
Irán;Rio de Janeiro 2016;3
Grecia;Rio de Janeiro 2016;3
Argentina;Rio de Janeiro 2016;3
Dinamarca;Rio de Janeiro 2016;2
Suecia;Rio de Janeiro 2016;2
Sudáfrica;Rio de Janeiro 2016;2
Ucrania;Rio de Janeiro 2016;2
Serbia;Rio de Janeiro 2016;2
Polonia;Rio de Janeiro 2016;2
Corea del Norte;Rio de Janeiro 2016;2
Bélgica;Rio de Janeiro 2016;2
Tailandia;Rio de Janeiro 2016;2
Eslovaquia;Rio de Janeiro 2016;2
Georgia;Rio de Janeiro 2016;2
Azerbaiyán;Rio de Janeiro 2016;1
Bielorrusia;Rio de Janeiro 2016;1
Turquía;Rio de Janeiro 2016;1
Armenia;Rio de Janeiro 2016;1
República Checa;Rio de Janeiro 2016;1
Etiopía;Rio de Janeiro 2016;1
Eslovenia;Rio de Janeiro 2016;1
Indonesia;Rio de Janeiro 2016;1
Rumania;Rio de Janeiro 2016;1
Baréin;Rio de Janeiro 2016;1
Vietnam;Rio de Janeiro 2016;1
China Taipéi;Rio de Janeiro 2016;1
Bahamas;Rio de Janeiro 2016;1
Costa de Marfil;Rio de Janeiro 2016;1
Atletas Olímpicos Independientes;Rio de Janeiro 2016;1
Fiyi;Rio de Janeiro 2016;1
Jordania;Rio de Janeiro 2016;1
Kosovo;Rio de Janeiro 2016;1
Puerto RIco;Rio de Janeiro 2016;1
Singapur;Rio de Janeiro 2016;1
Tayikistán;Rio de Janeiro 2016;1
Estados Unidos;Tokio 2020;39
China;Tokio 2020;38
Japón;Tokio 2020;27
Reino Unido;Tokio 2020;22
Rusia;Tokio 2020;20
Australia;Tokio 2020;17
Países Bajos;Tokio 2020;10
Francia;Tokio 2020;10
Alemania;Tokio 2020;10
Italia;Tokio 2020;10
Canadá;Tokio 2020;7
Brasil;Tokio 2020;7
Nueva Zelanda;Tokio 2020;7
Cuba;Tokio 2020;7
Hungría;Tokio 2020;6
Corea del Sur;Tokio 2020;6
Polonia;Tokio 2020;4
República Checa;Tokio 2020;4
Kenia;Tokio 2020;4
Noruega;Tokio 2020;4
Jamaica;Tokio 2020;4
Espańa;Tokio 2020;3
Suecia;Tokio 2020;3
Suiza;Tokio 2020;3
Dinamarca;Tokio 2020;3
Croacia;Tokio 2020;3
Irán;Tokio 2020;3
Serbia;Tokio 2020;3
Bélgica;Tokio 2020;3
Bulgaria;Tokio 2020;3
Eslovenia;Tokio 2020;3
Uzbekistán;Tokio 2020;3
Georgia;Tokio 2020;2
China Taipéi;Tokio 2020;2
Turquía;Tokio 2020;2
Grecia;Tokio 2020;2
Uganda;Tokio 2020;2
Ecuador;Tokio 2020;2
Irlanda;Tokio 2020;2
Israel;Tokio 2020;2
Catar;Tokio 2020;2
Bahamas;Tokio 2020;2
Kosovo;Tokio 2020;2
Ucrania;Tokio 2020;1
Bielorrusia;Tokio 2020;1
Rumania;Tokio 2020;1
Venezuela;Tokio 2020;1
India;Tokio 2020;1
Hong Kong;Tokio 2020;1
Filipinas;Tokio 2020;1
Eslovaquia;Tokio 2020;1
Sudáfrica;Tokio 2020;1
Austria;Tokio 2020;1
Egipto;Tokio 2020;1
Indonesia;Tokio 2020;1
Etiopía;Tokio 2020;1
Portugal;Tokio 2020;1
Túnez;Tokio 2020;1
Estonia;Tokio 2020;1
Fiyi;Tokio 2020;1
Letonia;Tokio 2020;1
Tailandia;Tokio 2020;1
Marruecos;Tokio 2020;1
Puerto RIco;Tokio 2020;1
Estados Unidos;Paris 2024;40
China;Paris 2024;40
Japón;Paris 2024;20
Australia;Paris 2024;18
Francia;Paris 2024;16
Países Bajos;Paris 2024;15
Reino Unido;Paris 2024;14
Corea del Sur;Paris 2024;13
Italia;Paris 2024;12
Alemania;Paris 2024;12
Nueva Zelanda;Paris 2024;10
Canadá;Paris 2024;9
Uzbekistán;Paris 2024;8
Hungría;Paris 2024;6
Espańa;Paris 2024;5
Suecia;Paris 2024;4
Kenia;Paris 2024;4
Noruega;Paris 2024;4
Irlanda;Paris 2024;4
Brasil;Paris 2024;3
Irán;Paris 2024;3
Ucrania;Paris 2024;3
Rumania;Paris 2024;3
Georgia;Paris 2024;3
Bélgica;Paris 2024;3
Bulgaria;Paris 2024;3
Serbia;Paris 2024;3
República Checa;Paris 2024;3
Dinamarca;Paris 2024;2
Azerbaiyán;Paris 2024;2
Croacia;Paris 2024;2
Cuba;Paris 2024;2
Baréin;Paris 2024;2
Eslovenia;Paris 2024;2
China Taipéi;Paris 2024;2
Austria;Paris 2024;2
Filipinas;Paris 2024;2
Hong Kong;Paris 2024;2
Argelia;Paris 2024;2
Indonesia;Paris 2024;2
Israel;Paris 2024;1
Polonia;Paris 2024;1
Kazajistán;Paris 2024;1
Jamaica;Paris 2024;1
Sudáfrica;Paris 2024;1
Tailandia;Paris 2024;1
Atletas Individuales Neutrales;Paris 2024;1
Etiopía;Paris 2024;1
Suiza;Paris 2024;1
Ecuador;Paris 2024;1
Portugal;Paris 2024;1
Grecia;Paris 2024;1
Argentina;Paris 2024;1
Egipto;Paris 2024;1
Túnez;Paris 2024;1
Botsuana;Paris 2024;1
Chile;Paris 2024;1
Santa Lucía;Paris 2024;1
Uganda;Paris 2024;1
República Dominicana;Paris 2024;1
Guatemala;Paris 2024;1
Marruecos;Paris 2024;1
Dominica;Paris 2024;1
Pakistán;Paris 2024;1
